-- ROL
Insert into PORTAFOLIO.ROL (ID,DESCRIPCION,AREA) values ('1','ROLE_ADMIN','ADMINISTRACIÓN');
Insert into PORTAFOLIO.ROL (ID,DESCRIPCION,AREA) values ('2','ROLE_PRODUCTOR','PRODUCTOR');
Insert into PORTAFOLIO.ROL (ID,DESCRIPCION,AREA) values ('3','ROLE_TRANSPORTISTA','TRANSPORTE');
Insert into PORTAFOLIO.ROL (ID,DESCRIPCION,AREA) values ('4','ROLE_CLIENTE_EXTERNO','CLIENTES');
Insert into PORTAFOLIO.ROL (ID,DESCRIPCION,AREA) values ('5','ROLE_CLIENTE_INTERNO','CLIENTES');

COMMIT;

-- Usuario
Insert into PORTAFOLIO.USUARIO (ID,ROL_ID,CORREO,CONTRASENA,HABILITADO) values ('1','1','admin','$2a$10$N0mgx9N9LoWG3N9Yeix/4.GOoQDb1gWhYwV/tmXBxKbQeDb61KV6S','1');
Insert into PORTAFOLIO.USUARIO (ID,ROL_ID,CORREO,CONTRASENA,HABILITADO) values ('2','2','productor','$2a$10$N0mgx9N9LoWG3N9Yeix/4.GOoQDb1gWhYwV/tmXBxKbQeDb61KV6S','1');
Insert into PORTAFOLIO.USUARIO (ID,ROL_ID,CORREO,CONTRASENA,HABILITADO) values ('3','3','transportista','$2a$10$N0mgx9N9LoWG3N9Yeix/4.GOoQDb1gWhYwV/tmXBxKbQeDb61KV6S','1');
Insert into PORTAFOLIO.USUARIO (ID,ROL_ID,CORREO,CONTRASENA,HABILITADO) values ('4','4','clienteext','$2a$10$N0mgx9N9LoWG3N9Yeix/4.GOoQDb1gWhYwV/tmXBxKbQeDb61KV6S','1');
Insert into PORTAFOLIO.USUARIO (ID,ROL_ID,CORREO,CONTRASENA,HABILITADO) values ('5','5','clienteint','$2a$10$N0mgx9N9LoWG3N9Yeix/4.GOoQDb1gWhYwV/tmXBxKbQeDb61KV6S','1');

COMMIT;

-- Cliente

INSERT INTO "PORTAFOLIO"."CLIENTE" (ID, USUARIO_ID, IDENTIFICADOR, RAZONSOCIAL, DIRECCION, CIUDAD, PAIS_ORIGEN, TIPO_CLIENTE, CORREO, HABILITADO) VALUES ('1', '4', '1-9', 'FRUTAS GONZALEZ LTDA.', 'AVDA. PAJARITOS 3450', 'MAIPU', 'CHILE', '1', 'info@frutasgonzalez.com', '1');
INSERT INTO "PORTAFOLIO"."CLIENTE" (ID, USUARIO_ID, IDENTIFICADOR, RAZONSOCIAL, DIRECCION, CIUDAD, PAIS_ORIGEN, TIPO_CLIENTE, CORREO, HABILITADO) VALUES ('2', '5', '2-9', 'FRUTAS PEREIRA SA.', 'AVDA. RECOLETA 1900', 'RECOLETA', 'CHILE', '2', 'info@frutaspereira.cl', '1');

COMMIT;



-- Productor

INSERT INTO "PORTAFOLIO"."PRODUCTOR" (ID, USUARIO_ID, RUT, RAZONSOCIAL, DIRECCION, COMUNA, CORREO, HABILITADO) VALUES ('1', '2', '1-9', 'VERDURAS LINDAS LTDA.', 'AVDA. RECOLETA 122', 'RECOLETA', 'info@verduraslindas@gmail.com', '1');
INSERT INTO "PORTAFOLIO"."PRODUCTOR" (ID, USUARIO_ID, RUT, RAZONSOCIAL, DIRECCION, COMUNA, CORREO, HABILITADO) VALUES ('2', '2', '2-9', 'VERDURAS', 'AVDA. LA PAZ', 'RECOLETA', 'INFO@INFO.CL', '1');

COMMIT;

-- Contrato

INSERT INTO "PORTAFOLIO"."CONTRATO" (ID, PRODUCTOR_ID, FECHAINICIO, FECHATERMINO, FECHACREACION, VIGENCIA) VALUES ('1', '1', TO_DATE('2020-11-02 20:50:30', 'YYYY-MM-DD HH24:MI:SS'), TO_DATE('2020-11-23 20:50:35', 'YYYY-MM-DD HH24:MI:SS'), TO_DATE('2020-11-30 20:50:44', 'YYYY-MM-DD HH24:MI:SS'), '1');
INSERT INTO "PORTAFOLIO"."CONTRATO" (ID, PRODUCTOR_ID, FECHAINICIO, FECHATERMINO, FECHACREACION, VIGENCIA) VALUES ('2', '2', TO_DATE('2020-11-02 20:50:30', 'YYYY-MM-DD HH24:MI:SS'), TO_DATE('2020-11-23 20:50:35', 'YYYY-MM-DD HH24:MI:SS'), TO_DATE('2020-11-30 20:50:44', 'YYYY-MM-DD HH24:MI:SS'), '1');


COMMIT;

-- Transportista

INSERT INTO "PORTAFOLIO"."TRANSPORTISTA" (ID, USUARIO_ID, RUT, RAZONSOCIAL, DIRECCION, COMUNA, CORREO, HABILITADO) VALUES ('1', '5', '1-9', 'TRANSPORTES PEREZ SPA', 'AVDA. RODRIGO DE ARAYA 110', 'LA FLORIDA', 'infoperez@gmail.com', '1');
INSERT INTO "PORTAFOLIO"."TRANSPORTISTA" (ID, USUARIO_ID, RUT, RAZONSOCIAL, DIRECCION, COMUNA, CORREO, HABILITADO) VALUES ('2', '5', '2-9', 'TRANSPORTES JORQUERA LTDA', 'CAMINO A MELIPILLA 600', 'MAIPU', 'info@tjorquera.cl', '1');

COMMIT;

-- Solicitud de Compra 

Insert into PORTAFOLIO.SOLICITUD_COMPRA (ID,CLIENTE_ID,FECHACREACION,PRODUCTO,KILOGRAMOS,HABILITADO) values (2,1,to_date('14/11/20','DD/MM/RR'),'MANZANA VERDE',9000,1);
Insert into PORTAFOLIO.SOLICITUD_COMPRA (ID,CLIENTE_ID,FECHACREACION,PRODUCTO,KILOGRAMOS,HABILITADO) values (4,2,to_date('14/11/20','DD/MM/RR'),'PERA',5000,1);
Insert into PORTAFOLIO.SOLICITUD_COMPRA (ID,CLIENTE_ID,FECHACREACION,PRODUCTO,KILOGRAMOS,HABILITADO) values (1,1,to_date('14/11/20','DD/MM/RR'),'MANZANA VERDE',0,0);
Insert into PORTAFOLIO.SOLICITUD_COMPRA (ID,CLIENTE_ID,FECHACREACION,PRODUCTO,KILOGRAMOS,HABILITADO) values (5,1,to_date('14/11/20','DD/MM/RR'),'MANZANA VERDE',0,0);
Insert into PORTAFOLIO.SOLICITUD_COMPRA (ID,CLIENTE_ID,FECHACREACION,PRODUCTO,KILOGRAMOS,HABILITADO) values (3,2,to_date('14/11/20','DD/MM/RR'),'NARANJA',0,1);

COMMIT;

INSERT INTO "PORTAFOLIO"."PRODUCTO" (ID, "DESCRIPCION", HABILITADO) VALUES ('1', 'MANZANA', '1');
INSERT INTO "PORTAFOLIO"."PRODUCTO" (ID, "DESCRIPCION", HABILITADO) VALUES ('2', 'PERA', '1');
INSERT INTO "PORTAFOLIO"."PRODUCTO" (ID, "DESCRIPCION", HABILITADO) VALUES ('3', 'NARANJA', '1');
INSERT INTO "PORTAFOLIO"."PRODUCTO" (ID, "DESCRIPCION", HABILITADO) VALUES ('4', 'MANGO', '1');
INSERT INTO "PORTAFOLIO"."PRODUCTO" (ID, "DESCRIPCION", HABILITADO) VALUES ('5', 'PLATANO', '1');

COMMIT;



INSERT INTO "PORTAFOLIO"."INGRESO" (ID, PRODUCTOR_ID, PRODUCTO_ID, FECHACREACION, KILOGRAMOS, PRECIOKGCOSTOUNITARIO, PRECIOKGVENTAUNITARIO, HABILITADO) VALUES ('1', '1', '1', TO_DATE('2020-12-04 20:05:32', 'YYYY-MM-DD HH24:MI:SS'), '1000', '700', '1000', '1');
INSERT INTO "PORTAFOLIO"."INGRESO" (ID, PRODUCTOR_ID, PRODUCTO_ID, FECHACREACION, KILOGRAMOS, PRECIOKGCOSTOUNITARIO, PRECIOKGVENTAUNITARIO, HABILITADO) VALUES ('2', '1', '2', TO_DATE('2020-12-04 20:05:37', 'YYYY-MM-DD HH24:MI:SS'), '1000', '700', '1000', '1');
INSERT INTO "PORTAFOLIO"."INGRESO" (ID, PRODUCTOR_ID, PRODUCTO_ID, FECHACREACION, KILOGRAMOS, PRECIOKGCOSTOUNITARIO, PRECIOKGVENTAUNITARIO, HABILITADO) VALUES ('3', '2', '1', TO_DATE('2020-12-04 20:05:41', 'YYYY-MM-DD HH24:MI:SS'), '1000', '700', '1000', '1');
INSERT INTO "PORTAFOLIO"."INGRESO" (ID, PRODUCTOR_ID, PRODUCTO_ID, FECHACREACION, KILOGRAMOS, PRECIOKGCOSTOUNITARIO, PRECIOKGVENTAUNITARIO, HABILITADO) VALUES ('4', '2', '2', TO_DATE('2020-12-04 20:06:50', 'YYYY-MM-DD HH24:MI:SS'), '2000', '600', '900', '1');

COMMIT;

INSERT INTO "PORTAFOLIO"."PARAMETROS" (ID, DESCRIPCION, VALOR) VALUES ('1', 'PORCENTAJE_VENTA_INTERNACIONAL', '35');

COMMIT;

